"1";"Gretchen";"Barrows-Kassulke";"Gretchen.Barrows-Kassulke@yahoo.com";"Jamaica";"3954"
"2";"Leo";"Towne";"Leo37@hotmail.com";"Burkina Faso";"4862"
"3";"Tricia";"Reichert";"Tricia.Reichert63@hotmail.com";"Mauritania";"1320"
"4";"Jeanette";"Parisian";"Jeanette.Parisian@yahoo.com";"Virgin Islands, British";"8586"
"5";"Debra";"Lakin";"Debra_Lakin@yahoo.com";"Egypt";"6853"
"6";"Vickie";"Bergnaum";"Vickie_Bergnaum@hotmail.com";"Maldives";"8095"
"7";"Terrence";"Ratke";"Terrence_Ratke91@gmail.com";"Fiji";"0889"
"8";"Gloria";"Lueilwitz-Schmidt";"Gloria.Lueilwitz-Schmidt@hotmail.com";"Cocos (Keeling) Islands";"2158"
"9";"Marshall";"Flatley";"Marshall79@hotmail.com";"Madagascar";"7925"
"10";"Nadine";"Connelly";"Nadine_Connelly44@yahoo.com";"Jamaica";"8487"
"11";"Derek";"Stroman";"Derek_Stroman23@yahoo.com";"Myanmar";"0296"
"12";"Jerome";"Murazik";"Jerome93@yahoo.com";"Zambia";"7139"
"13";"Aubrey";"Crist";"Aubrey.Crist@gmail.com";"Jamaica";"3954"
"14";"Gina";"Lakin";"Gina.Lakin@gmail.com";"Egypt";"6853"